{
  "project_info": {
    "project_number": "623158748720",
    "project_id": "textrecognitionapp-c8872",
    "storage_bucket": "textrecognitionapp-c8872.appspot.com"
  },
  "client": [
    {
      "client_info": {
        "mobilesdk_app_id": "1:623158748720:android:8a09e163a27a499c41eff5",
        "android_client_info": {
          "package_name": "com.jyothi.textrecognitionapp"
        }
      },
      "oauth_client": [
        {
          "client_id": "623158748720-nl91ot5n6tnus5mf7r25ua7lr711gvbu.apps.googleusercontent.com",
          "client_type": 3
        }
      ],
      "api_key": [
        {
          "current_key": "AIzaSyBOO4IorajXkgt0ujwPgMgnCvtes1hupEI"
        }
      ],
      "services": {
        "appinvite_service": {
          "other_platform_oauth_client": [
            {
              "client_id": "623158748720-nl91ot5n6tnus5mf7r25ua7lr711gvbu.apps.googleusercontent.com",
              "client_type": 3
            }
          ]
        }
      }
    }
  ],
  "configuration_version": "1"
}